Risk id,Title,Severity,Cvss Score,Status,Sensitivity,Exploitability,URL,Evidence type,Description,Impact Description,Recommendation
RID-001,SQL Injection in Admin Panel,critical,9.8,open,high,high,https://example.com/admin,code_review,SQL injection vulnerability found in the admin login form allowing unauthenticated users to bypass authentication,Attackers could gain unauthorized access to sensitive admin functions and user data,Implement parameterized queries and input validation. Update all database calls to use prepared statements
RID-002,Cross-Site Scripting (XSS) Vulnerability,high,7.4,open,high,medium,https://example.com/dashboard,manual_testing,Reflected XSS found in user search functionality that allows injection of malicious scripts,User sessions could be hijacked and sensitive data stolen through malicious redirects,Implement output encoding and Content Security Policy. Sanitize all user inputs before rendering
RID-003,Weak Password Policy,high,7.2,in_progress,medium,high,https://example.com/settings,configuration_review,System accepts passwords with insufficient complexity requirements (minimum 4 characters),Users could have weak passwords making accounts vulnerable to brute force attacks,"Enforce minimum 12 character passwords with uppercase, lowercase, numbers and special characters"
RID-004,Insecure Data Storage,critical,9.1,open,critical,medium,https://example.com/database,code_review,Sensitive data including credit card numbers stored in plaintext without encryption,Financial and personal data could be exposed if database is breached,Implement AES-256 encryption for sensitive data at rest. Use HSM for key management
RID-005,Missing Security Headers,medium,5.8,open,medium,low,https://example.com,network_scan,"HTTP security headers (HSTS, CSP, X-Frame-Options) not configured",Application vulnerable to various web-based attacks including clickjacking and man-in-the-middle,"Add security headers: HSTS, CSP, X-Frame-Options, X-Content-Type-Options, Referrer-Policy"
RID-006,Unencrypted API Endpoints,high,8.1,open,high,high,https://api.example.com,network_scan,API endpoints transmit sensitive data over unencrypted HTTP instead of HTTPS,Data transmitted between client and server could be intercepted and read by attackers,Enforce TLS 1.2+ for all API endpoints. Implement certificate pinning for mobile clients
RID-007,Broken Access Control,critical,9.3,resolved,high,high,https://example.com/reports,manual_testing,Users could access other users' reports by manipulating the user_id parameter in URLs,Unauthorized information disclosure affecting all user reports and sensitive business data,Implement proper authorization checks. Use access control lists and role-based permissions
RID-008,Default Credentials Detected,critical,9.5,open,critical,high,https://example.com:8080,configuration_review,Default admin credentials found on publicly accessible management interface,Complete system compromise possible with default credentials remaining active,Change all default credentials immediately. Disable default accounts. Implement strong password policies
RID-009,Hardcoded Secrets in Code,high,7.9,resolved,critical,high,https://example.com/api,code_review,Database passwords and API keys hardcoded in source code visible in git history,Secrets exposed in version control allowing unauthorized access to backend systems,Remove secrets from code. Use environment variables and secrets management system (Vault/AWS Secrets Manager)
